class,name,nickname,category,subcategory,project,project_dir,source,guid,kind,exposure,obsolete,current_icon,icon_holder,object,op,plural,container,glyph_origin,badge_origin,rule,note,icon_id,resource,icon_file,status,sam_icon_id,tas_domain,review_id,domain_note
gbXMLTasT3D,gbXML.TasT3D,TasT3D,SAM,Tas,SAM.Core.Grasshopper.Tas,Grasshopper/SAM.Core.Grasshopper.Tas,Grasshopper/SAM.Core.Grasshopper.Tas/Component/gbXMLTasT3D.cs,ae9cae75-6909-421f-8e68-f541703347b3,component,GH_Exposure.secondary,False,SAM_T3D3,Resources,geometry,convert,False,,SAM,SAM,override,gbXML -> T3D,geometry_convert_t3d,SAM_GH_GeometryConvertT3d,svg/geometry_convert_t3d.svg,integrated,geometry_convert,T3D,TAS-T3D-001,
TasOpenT3DDocument,Tas.OpenT3DDocument,Tas.OpenT3DDocument,SAM WIP,Tas,SAM.Analytical.Grasshopper.Tas,Grasshopper/SAM.Analytical.Grasshopper.Tas,Grasshopper/SAM.Analytical.Grasshopper.Tas/Component/TasOpenT3DDocument.cs,520dbeae-e091-43f4-925f-851a6d2a2592,component,GH_Exposure.secondary,False,SAM_TasT3D,Resources,geometry,import,False,,SAM,SAM,override,,geometry_import_t3d,SAM_GH_GeometryImportT3d,svg/geometry_import_t3d.svg,integrated,geometry_import,T3D,TAS-T3D-002,
TasUpdateT3D,Tas.UpdateT3D,Tas.UpdateT3D,SAM,Tas,SAM.Analytical.Grasshopper.Tas,Grasshopper/SAM.Analytical.Grasshopper.Tas,Grasshopper/SAM.Analytical.Grasshopper.Tas/Component/TasUpdateT3D.cs,c31679a4-0b92-47e1-bad1-20e1eec292e3,component,GH_Exposure.secondary,False,SAM_TasT3D,Resources,geometry,update,False,,SAM,SAM,override,,geometry_update_t3d,SAM_GH_GeometryUpdateT3d,svg/geometry_update_t3d.svg,integrated,geometry_update,T3D,TAS-T3D-003,
GooSAMT3DDocumentParam,{typeof(SAMT3DDocument).Name},{typeof(SAMT3DDocument).Name},Params,SAM,SAM.Analytical.Grasshopper.Tas,Grasshopper/SAM.Analytical.Grasshopper.Tas,Grasshopper/SAM.Analytical.Grasshopper.Tas/Classes/GooSAMT3DDocument.cs,1e33f41d-75d3-49fb-a3eb-adab7d71ff73,param,GH_Exposure.hidden,False,SAM_TasT3D,Resources,geometry,,False,,SAM,,param:SAMT3DDocument,,geometry_t3d,SAM_GH_GeometryT3d,svg/geometry_t3d.svg,integrated,geometry,T3D,TAS-T3D-004,
TasUpdateApertureControl,Tas.UpdateApertureControl,Tas.UpdateApertureControl,SAM,Tas,SAM.Analytical.Grasshopper.Tas,Grasshopper/SAM.Analytical.Grasshopper.Tas,Grasshopper/SAM.Analytical.Grasshopper.Tas/Component/TasUpdateApertureControl.cs,9e785d68-9eaf-422d-9cdb-2006ec9580d5,component,GH_Exposure.tertiary,False,SAM_TasTBD3,Resources,aperture,update,False,,SAM,SAM,rule,,aperture_update_tbd,SAM_GH_ApertureUpdateTbd,svg/aperture_update_tbd.svg,integrated,aperture_update,TBD,TAS-TBD-001,
TasCopyCalendar,Tas.CopyCalendar,Tas.CopyCalendar,SAM WIP,Tas,SAM.Analytical.Grasshopper.Tas,Grasshopper/SAM.Analytical.Grasshopper.Tas,Grasshopper/SAM.Analytical.Grasshopper.Tas/Component/TasCopyCalendar.cs,f235ee43-7a90-4771-acec-42bb6d5c8ed3,component,GH_Exposure.tertiary,False,SAM_TasTBD3,Resources,calendar,copy,False,,SAM,SAM,override,,calendar_copy_tbd,SAM_GH_CalendarCopyTbd,svg/calendar_copy_tbd.svg,integrated,calendar_copy,TBD,TAS-TBD-002,"TCR -> TBD: writes the TBD calendar, so TBD."
TasAssignAdiabaticConstruction,Tas.AssignAdiabaticConstruction,Tas.AssignAdiabaticConstruction,SAM,Tas,SAM.Analytical.Grasshopper.Tas,Grasshopper/SAM.Analytical.Grasshopper.Tas,Grasshopper/SAM.Analytical.Grasshopper.Tas/Component/TasAssignAdiabaticConstruction.cs,d1f6458f-bdd0-497b-82b5-fb454d4e5326,component,GH_Exposure.tertiary,False,SAM_TasTBD3,Resources,construction,set,False,,SAM,SAM,rule,,construction_set_tbd,SAM_GH_ConstructionSetTbd,svg/construction_set_tbd.svg,integrated,construction_set,TBD,TAS-TBD-003,
TasUpdateConstructions,Tas.UpdateConstructions,Tas.UpdateConstructions,SAM,Tas,SAM.Analytical.Grasshopper.Tas,Grasshopper/SAM.Analytical.Grasshopper.Tas,Grasshopper/SAM.Analytical.Grasshopper.Tas/Component/TasUpdateConstructions.cs,4eecbb14-36af-46cf-8e3d-3ddc934aef18,component,GH_Exposure.tertiary,False,SAM_TasTBD3,Resources,construction,update,True,,SAM,SAM,rule,,construction_plural_update_tbd,SAM_GH_ConstructionPluralUpdateTbd,svg/construction_plural_update_tbd.svg,integrated,construction_plural_update,TBD,TAS-TBD-004,
TasCreateDesignDays,Tas.CreateDesignDays,Tas.CreateDesignDays,SAM,Tas,SAM.Analytical.Grasshopper.Tas,Grasshopper/SAM.Analytical.Grasshopper.Tas,Grasshopper/SAM.Analytical.Grasshopper.Tas/Component/TasCreateDesignDays.cs,002f649f-6476-4933-9cdb-384d3abe40e8,component,GH_Exposure.tertiary,False,SAM_TasTBD3,Resources,designDay,create,True,,SAM,SAM,rule,,designDay_plural_create_tbd,SAM_GH_DesignDayPluralCreateTbd,svg/designDay_plural_create_tbd.svg,integrated,designDay_plural_create,TBD,TAS-TBD-005,Reads design days from a TBD or a TSD; design days are defined in the TBD: TBD.
TasUpdateDesignDays,Tas.UpdateDesignDays,Tas.UpdateDesignDays,SAM,Tas,SAM.Analytical.Grasshopper.Tas,Grasshopper/SAM.Analytical.Grasshopper.Tas,Grasshopper/SAM.Analytical.Grasshopper.Tas/Component/TasUpdateDesignDays.cs,568df94a-ae3d-417d-b83e-b3d6af00bb1a,component,GH_Exposure.tertiary,False,SAM_TasTBD3,Resources,designDay,update,True,,SAM,SAM,rule,,designDay_plural_update_tbd,SAM_GH_DesignDayPluralUpdateTbd,svg/designDay_plural_update_tbd.svg,integrated,designDay_plural_update,TBD,TAS-TBD-006,
TasAssignRooflightBuildingElementType,Tas.AssignRooflightBuilidingElementType,Tas.AssignRooflightBuilidingElementType,SAM WIP,Tas,SAM.Analytical.Grasshopper.Tas,Grasshopper/SAM.Analytical.Grasshopper.Tas,Grasshopper/SAM.Analytical.Grasshopper.Tas/Component/TasAssignRooflightBuildingElementType.cs,8f3c51d9-b671-4e90-abb5-00470f756fef,component,GH_Exposure.tertiary,False,SAM_TasTBD3,Resources,element,set,False,,SAM-BIM ext v1,SAM,rule,,element_set_tbd,SAM_GH_ElementSetTbd,svg/element_set_tbd.svg,integrated,element_set,TBD,TAS-TBD-007,
TasUpdateBuildingElements,Tas.UpdateBuildingElements,Tas.UpdateBuildingElements,SAM,Tas,SAM.Analytical.Grasshopper.Tas,Grasshopper/SAM.Analytical.Grasshopper.Tas,Grasshopper/SAM.Analytical.Grasshopper.Tas/Component/TasUpdateBuildingElements.cs,df18fce2-b633-4de1-9e49-7f2966f0d5c2,component,GH_Exposure.tertiary,False,SAM_TasTBD3,Resources,element,update,False,,SAM-BIM ext v1,SAM,rule,,element_update_tbd,SAM_GH_ElementUpdateTbd,svg/element_update_tbd.svg,integrated,element_update,TBD,TAS-TBD-008,
SAMAnalyticalCreateTBDByTM59,SAMAnalytical.CreateTBDByTM59,SAMAnalytical.CreateTBDByTM59,SAM WIP,Tas,SAM.Analytical.Grasshopper.Tas,Grasshopper/SAM.Analytical.Grasshopper.Tas,Grasshopper/SAM.Analytical.Grasshopper.Tas/Component/SAMAnalyticalCreateTBDByTM59.cs,4759368e-268c-4f12-b320-cb3941476062,component,GH_Exposure.tertiary,False,SAM_TasTBD3,Resources,file,create,False,,SAM,SAM,override,compliance TBD file,file_create_tbd,SAM_GH_FileCreateTbd,svg/file_create_tbd.svg,integrated,file_create,TBD,TAS-TBD-009,
TasCreateTBDByPartL,Tas.CreateTBDByPartL,Tas.CreateTBDByPartL,SAM WIP,Tas,SAM.Analytical.Grasshopper.Tas,Grasshopper/SAM.Analytical.Grasshopper.Tas,Grasshopper/SAM.Analytical.Grasshopper.Tas/Component/TasCreateTBDByPartL.cs,51b3faa7-adfa-4668-9fce-0498f96b9df4,component,GH_Exposure.tertiary,False,SAM_TasTBD3,Resources,file,create,False,,SAM,SAM,override,compliance TBD file,file_create_tbd,SAM_GH_FileCreateTbd,svg/file_create_tbd.svg,integrated,file_create,TBD,TAS-TBD-010,
TasSimulate,Tas.Simulate,Tas.Simulate,SAM,Tas,SAM.Analytical.Grasshopper.Tas,Grasshopper/SAM.Analytical.Grasshopper.Tas,Grasshopper/SAM.Analytical.Grasshopper.Tas/Component/TasSimulate.cs,787e4fd5-d41c-4b71-b98a-fb20750362b5,component,GH_Exposure.tertiary,False,SAM_TasTBD3,Resources,file,run,False,,SAM,SAM-BIM ext v1,override,simulates a TBD file into a TSD,file_run_tbd,SAM_GH_FileRunTbd,svg/file_run_tbd.svg,integrated,file_run,TBD,TAS-TBD-011,Runs the Building Simulator on a TBD (writes a TSD): kept TBD (approved).
TasSizing,Tas.Sizing,Tas.Sizing,SAM,Tas,SAM.Analytical.Grasshopper.Tas,Grasshopper/SAM.Analytical.Grasshopper.Tas,Grasshopper/SAM.Analytical.Grasshopper.Tas/Component/TasSizing.cs,704f954c-7ee1-41b8-ac85-3bf776ca4f36,component,GH_Exposure.tertiary,False,SAM_TasTBD3,Resources,heat,run,False,,SAM,SAM-BIM ext v1,override,Tas sizing,heat_run_tbd,SAM_GH_HeatRunTbd,svg/heat_run_tbd.svg,integrated,heat_run,TBD,TAS-TBD-012,
TasUpdateDesignLoads,Tas.UpdateDesignLoads,Tas.UpdateDesignLoads,SAM,Tas,SAM.Analytical.Grasshopper.Tas,Grasshopper/SAM.Analytical.Grasshopper.Tas,Grasshopper/SAM.Analytical.Grasshopper.Tas/Component/TasUpdateDesignLoads.cs,b33d5f4a-785d-4acc-86d3-49034badb357,component,GH_Exposure.tertiary,False,SAM_TasTBD3,Resources,heat,update,False,,SAM,SAM,override,,heat_update_tbd,SAM_GH_HeatUpdateTbd,svg/heat_update_tbd.svg,integrated,heat_update,TBD,TAS-TBD-013,
TasUpdateIZAMs,SAMAnalytical.UpdateIZAMs,SAMAnalytical.UpdateIZAMs,SAM WIP,Tas,SAM.Analytical.Grasshopper.Tas,Grasshopper/SAM.Analytical.Grasshopper.Tas,Grasshopper/SAM.Analytical.Grasshopper.Tas/Component/TasUpdateIZAMs.cs,3531e850-b04d-4ec7-9712-a718fb227874,component,GH_Exposure.tertiary,False,SAM_TasTBD3,Resources,izam,update,True,,SAM,SAM,rule,,izam_plural_update_tbd,SAM_GH_IzamPluralUpdateTbd,svg/izam_plural_update_tbd.svg,integrated,izam_plural_update,TBD,TAS-TBD-014,
TasUpdateIZAMsBySpaceParameter,Tas.UpdateIZAMsBySpaceParameter,Tas.UpdateIZAMsBySpaceParameter,SAM,Tas,SAM.Analytical.Grasshopper.Tas,Grasshopper/SAM.Analytical.Grasshopper.Tas,Grasshopper/SAM.Analytical.Grasshopper.Tas/Component/TasUpdateIZAMsBySpaceParameter.cs,ab1b03ff-b279-4676-beaa-4c9af8f6e7a1,component,GH_Exposure.tertiary,False,SAM_TasTBD3,Resources,izam,update,True,,SAM,SAM,rule,,izam_plural_update_tbd,SAM_GH_IzamPluralUpdateTbd,svg/izam_plural_update_tbd.svg,integrated,izam_plural_update,TBD,TAS-TBD-015,
TasT3DtoTBD,Tas.T3DtoTBD,Tas.T3DtoTBD,SAM,Tas,SAM.Analytical.Grasshopper.Tas,Grasshopper/SAM.Analytical.Grasshopper.Tas,Grasshopper/SAM.Analytical.Grasshopper.Tas/Component/TasT3DtoTBD.cs,85b9fea2-d977-49c4-8295-8f207d10e13f,component,GH_Exposure.tertiary,False,SAM_TasTBD3,Resources,model,convert,False,,SAM,SAM,override,,model_convert_tbd,SAM_GH_ModelConvertTbd,svg/model_convert_tbd.svg,integrated,model_convert,TBD,TAS-TBD-016,"T3D -> TBD: produces the TBD, so TBD."
SAMAnalyticalTBD,SAMAnalytical.TBD,SAMAnalytical.TBD,SAM WIP,Tas,SAM.Analytical.Grasshopper.Tas,Grasshopper/SAM.Analytical.Grasshopper.Tas,Grasshopper/SAM.Analytical.Grasshopper.Tas/Component/SAMAnalyticalTBD.cs,f772af0f-7969-4441-8bed-107fcffaacd5,component,GH_Exposure.tertiary,False,SAM_TasTBD3,Resources,model,export,False,,SAM,SAM,override,,model_export_tbd,SAM_GH_ModelExportTbd,svg/model_export_tbd.svg,integrated,model_export,TBD,TAS-TBD-017,
SAMAnalyticalSAP,SAMAnalytical.TBD_SAP,SAMAnalytical.TBD_SAP,SAM WIP,Tas,SAM.Analytical.Grasshopper.Tas,Grasshopper/SAM.Analytical.Grasshopper.Tas,Grasshopper/SAM.Analytical.Grasshopper.Tas/Component/SAMAnalyticalSAP.cs,abe2c1a4-eef1-4a2f-9360-08b7bc21f678,component,GH_Exposure.tertiary,False,SAM_TasTBD3,Resources,model,export,False,,SAM,SAM,override,,model_export_tbd,SAM_GH_ModelExportTbd,svg/model_export_tbd.svg,integrated,model_export,TBD,TAS-TBD-018,
SAMAnalyticalTM59,SAMAnalytical.TBD_TM59,SAMAnalytical.TBD_TM59,SAM WIP,Tas,SAM.Analytical.Grasshopper.Tas,Grasshopper/SAM.Analytical.Grasshopper.Tas,Grasshopper/SAM.Analytical.Grasshopper.Tas/Component/SAMAnalyticalTM59.cs,a7cec810-ff9f-497d-8ce1-639de4d8cede,component,GH_Exposure.tertiary,False,SAM_TasTBD3,Resources,model,export,False,,SAM,SAM,override,,model_export_tbd,SAM_GH_ModelExportTbd,svg/model_export_tbd.svg,integrated,model_export,TBD,TAS-TBD-019,
SAMAnalyticalFromTBD,SAMAnalytical.FromTBD,SAMAnalytical.FromTBD,SAM,Tas,SAM.Analytical.Grasshopper.Tas,Grasshopper/SAM.Analytical.Grasshopper.Tas,Grasshopper/SAM.Analytical.Grasshopper.Tas/Component/SAMAnalyticalFromTBD.cs,9962a735-34b0-4e5c-8647-285d5baaab62,component,GH_Exposure.tertiary,False,SAM_TasTBD3,Resources,model,import,False,,SAM,SAM,override,,model_import_tbd,SAM_GH_ModelImportTbd,svg/model_import_tbd.svg,integrated,model_import,TBD,TAS-TBD-020,
TasRemoveSchedules,Tas.RemoveSchedules,Tas.RemoveSchedules,SAM WIP,Tas,SAM.Analytical.Grasshopper.Tas,Grasshopper/SAM.Analytical.Grasshopper.Tas,Grasshopper/SAM.Analytical.Grasshopper.Tas/Component/TasRemoveSchedules.cs,ee40e528-1840-4c9c-8ecc-eed0ca0fc9f2,component,GH_Exposure.tertiary,False,SAM_TasTBD3,Resources,profile,remove,True,,SAM,SAM,override,,profile_plural_remove_tbd,SAM_GH_ProfilePluralRemoveTbd,svg/profile_plural_remove_tbd.svg,integrated,profile_plural_remove,TBD,TAS-TBD-021,
TasCreateSurfaceOutputSpec,Tas.CreateSurfaceOutputSpec,TasCreateSurfaceOutputSpec,SAM,Tas,SAM.Core.Grasshopper.Tas,Grasshopper/SAM.Core.Grasshopper.Tas,Grasshopper/SAM.Core.Grasshopper.Tas/Component/TasCreateSurfaceOutputSpec.cs,d928f41d-d39e-4fa7-811d-b42ba33b6c12,component,GH_Exposure.tertiary,False,SAM_TasTBD3,Resources,settings,create,False,,SAM,SAM,override,,settings_create_tbd,SAM_GH_SettingsCreateTbd,svg/settings_create_tbd.svg,integrated,settings_create,TBD,TAS-TBD-022,Output spec of a TBD simulation: TBD.
TasUpdateShading,Tas.UpdateShading,Tas.UpdateShading,SAM WIP,Tas,SAM.Analytical.Grasshopper.Tas,Grasshopper/SAM.Analytical.Grasshopper.Tas,Grasshopper/SAM.Analytical.Grasshopper.Tas/Component/TasUpdateShading.cs,629a9c48-e6f8-40e5-965c-ca2a9c5845d5,component,GH_Exposure.quarternary,False,SAM_TasTBD3,Resources,shade,update,False,,SAM,SAM,override,,shade_update_tbd,SAM_GH_ShadeUpdateTbd,svg/shade_update_tbd.svg,integrated,shade_update,TBD,TAS-TBD-023,
TasUpdateFacingExternal,Tas.UpdateFacingExternal,Tas.UpdateFacingExternal,SAM,Tas,SAM.Analytical.Grasshopper.Tas,Grasshopper/SAM.Analytical.Grasshopper.Tas,Grasshopper/SAM.Analytical.Grasshopper.Tas/Component/TasUpdateFacingExternal.cs,16cdc7dc-660e-497b-b894-acdea257147f,component,GH_Exposure.tertiary,False,SAM_TasTBD3,Resources,space,update,False,,SAM,SAM,override,,space_update_tbd,SAM_GH_SpaceUpdateTbd,svg/space_update_tbd.svg,integrated,space_update,TBD,TAS-TBD-024,
TasUpdateAdaptiveSetpointACCI,Tas.UpdateAdaptiveSetpointACCI,Tas.UpdateAdaptiveSetpointACCI,SAM,Tas,SAM.Analytical.Grasshopper.Tas,Grasshopper/SAM.Analytical.Grasshopper.Tas,Grasshopper/SAM.Analytical.Grasshopper.Tas/Component/TasUpdateAdaptiveSetpointACCI.cs,12c19e3e-6cf1-4112-b7a4-0c4bcaa408e2,component,GH_Exposure.tertiary,False,SAM_TasTBD3,Resources,thermometer,update,False,,SAM,SAM,rule,,thermometer_update_tbd,SAM_GH_ThermometerUpdateTbd,svg/thermometer_update_tbd.svg,integrated,thermometer_update,TBD,TAS-TBD-025,
SAMAnalyticalSizingType,SAMAnalytical.SizingType,SAMAnalytical.SizingType,SAM,Tas,SAM.Analytical.Grasshopper.Tas,Grasshopper/SAM.Analytical.Grasshopper.Tas,Grasshopper/SAM.Analytical.Grasshopper.Tas/Component/SAMAnalyticalSizingType.cs,2f67b1c7-82ea-4db2-bd2a-711e97908c10,component,GH_Exposure.quarternary,False,SAM_TasTSD3,Resources,type,value,False,,SAM,SAM,rule,,type_value_tbd,SAM_GH_TypeValueTbd,svg/type_value_tbd.svg,integrated,type_value,TBD,TAS-TBD-026,Option of the TBD simulation / sizing (old icon was TSD): TBD.
TasUpdateWeatherData,Tas.UpdateWeather,Tas.UpdateWeather,SAM,Tas,SAM.Analytical.Grasshopper.Tas,Grasshopper/SAM.Analytical.Grasshopper.Tas,Grasshopper/SAM.Analytical.Grasshopper.Tas/Component/TasUpdateWeatherData.cs,4632ca85-d298-4066-b4c7-a7ec4a83920f,component,GH_Exposure.tertiary,False,SAM_TasTBD3,Resources,weather,update,False,,SAM,SAM,rule,,weather_update_tbd,SAM_GH_WeatherUpdateTbd,svg/weather_update_tbd.svg,integrated,weather_update,TBD,TAS-TBD-027,
TasUpdateZones,Tas.UpdateZones,Tas.UpdateZones,SAM,Tas,SAM.Analytical.Grasshopper.Tas,Grasshopper/SAM.Analytical.Grasshopper.Tas,Grasshopper/SAM.Analytical.Grasshopper.Tas/Component/TasUpdateZones.cs,6f365f44-9239-48fd-aee5-2ad6afca554c,component,GH_Exposure.tertiary,False,SAM_TasTBD3,Resources,zone,update,True,,SAM,SAM,rule,,zone_plural_update_tbd,SAM_GH_ZonePluralUpdateTbd,svg/zone_plural_update_tbd.svg,integrated,zone_plural_update,TBD,TAS-TBD-028,
GooSurfaceOutputSpecParam,{typeof(SurfaceOutputSpec).Name},{typeof(SurfaceOutputSpec).Name},Params,SAM,SAM.Core.Grasshopper.Tas,Grasshopper/SAM.Core.Grasshopper.Tas,Grasshopper/SAM.Core.Grasshopper.Tas/Classes/GooSurfaceOutputSpec.cs,167fe3c5-7dcf-415e-b4e0-a40dc9159b31,param,GH_Exposure.hidden,False,SAM_Small,Resources,settings,,False,,SAM,,param:SurfaceOutputSpec,,settings_tbd,SAM_GH_SettingsTbd,svg/settings_tbd.svg,integrated,settings,TBD,TAS-TBD-029,Param of the TBD simulation output spec: TBD.
TasTSDCreateAdjacencyCluster,Tas.TSDCreateAdjacencyCluster,Tas.TSDCreateAdjacencyCluster,SAM,Tas,SAM.Analytical.Grasshopper.Tas,Grasshopper/SAM.Analytical.Grasshopper.Tas,Grasshopper/SAM.Analytical.Grasshopper.Tas/Component/TasTSDCreateAdjacencyCluster._Obsolete.cs,a219f03b-1990-4b81-9c66-74fccd3ff62a,component,GH_Exposure.hidden,True,SAM_TasTSD3,Resources,cluster,create,False,,SAM,SAM,override,,cluster_create_tsd,SAM_GH_ClusterCreateTsd,svg/cluster_create_tsd.svg,integrated,cluster_create,TSD,TAS-TSD-001,
TasDesignDayNames,Tas.DesignDayNames,Tas.DesignDayNames,SAM WIP,Tas,SAM.Analytical.Grasshopper.Tas,Grasshopper/SAM.Analytical.Grasshopper.Tas,Grasshopper/SAM.Analytical.Grasshopper.Tas/Component/TasDesignDayNames.cs,6e4b5265-007d-423e-9777-e9edfc68ef5f,component,GH_Exposure.quarternary,False,SAM_TasTSD3,Resources,designDay,get,False,,SAM,SAM,override,,designDay_get_tsd,SAM_GH_DesignDayGetTsd,svg/designDay_get_tsd.svg,integrated,designDay_get,TSD,TAS-TSD-002,
TasLogPartODiagnostics,Tas.LogPartODiagnostics,Tas.LogPartODiagnostics,SAM,Tas,SAM.Analytical.Grasshopper.Tas,Grasshopper/SAM.Analytical.Grasshopper.Tas,Grasshopper/SAM.Analytical.Grasshopper.Tas/Component/TasLogPartODiagnostics.cs,fb234a4c-4302-4490-b6a7-6b19f9495fbc,component,GH_Exposure.quarternary,False,SAM_TasTSD3,Resources,log,export,False,,SAM,SAM,override,,log_export_tsd,SAM_GH_LogExportTsd,svg/log_export_tsd.svg,integrated,log_export,TSD,TAS-TSD-003,
SAMAnalyticalTasPanelDataType,SAMAnalytical.PanelDataType,SAMAnalytical.PanelDataType,SAM,Tas,SAM.Analytical.Grasshopper.Tas,Grasshopper/SAM.Analytical.Grasshopper.Tas,Grasshopper/SAM.Analytical.Grasshopper.Tas/Component/SAMAnalyticalTasPanelDataType.cs,e6728078-da0c-4e9d-ba51-702c8ba49bd8,component,GH_Exposure.quarternary,False,SAM_TasTSD3,Resources,panel,value,False,,SAM,SAM,rule,,panel_value_tsd,SAM_GH_PanelValueTsd,svg/panel_value_tsd.svg,integrated,panel_value,TSD,TAS-TSD-004,
TasTSDAddBuildingResults,Tas.AddBuildingResults,Tas.AddBuildingResults,SAM,Tas,SAM.Analytical.Grasshopper.Tas,Grasshopper/SAM.Analytical.Grasshopper.Tas,Grasshopper/SAM.Analytical.Grasshopper.Tas/Component/TasTSDAddBuildingResults.cs,5cba3494-637a-497a-b943-cc67eda27898,component,GH_Exposure.quarternary,False,SAM_TasTSD3,Resources,result,add,False,,SAM,SAM,rule,,result_add_tsd,SAM_GH_ResultAddTsd,svg/result_add_tsd.svg,integrated,result_add,TSD,TAS-TSD-005,
TasTSDAddResults,Tas.TSDAddResults,Tas.TSDAddResults,SAM,Tas,SAM.Analytical.Grasshopper.Tas,Grasshopper/SAM.Analytical.Grasshopper.Tas,Grasshopper/SAM.Analytical.Grasshopper.Tas/Component/TasTSDAddResults.cs,d2e6ed15-d7aa-4282-87fb-1c5081494df1,component,GH_Exposure.quarternary,False,SAM_TasTSD3,Resources,result,add,False,,SAM,SAM,override,,result_add_tsd,SAM_GH_ResultAddTsd,svg/result_add_tsd.svg,integrated,result_add,TSD,TAS-TSD-006,
TasTSDCreateSpaceSimulationResults,Tas.TSDCreateSpaceSimulationResults,Tas.TSDCreateSpaceSimulationResults,SAM,Tas,SAM.Analytical.Grasshopper.Tas,Grasshopper/SAM.Analytical.Grasshopper.Tas,Grasshopper/SAM.Analytical.Grasshopper.Tas/Component/TasTSDCreateSpaceSimulationResults_Obsolete.cs,c38e9d64-61f9-4279-854d-92175e5376cb,component,GH_Exposure.hidden,True,SAM_TasTBD3,Resources,result,create,False,,SAM,SAM,override,,result_create_tsd,SAM_GH_ResultCreateTsd,svg/result_create_tsd.svg,integrated,result_create,TSD,TAS-TSD-007,
SAMAnalyticalSurfaceSimulationResults,SAMAnalytical.SurfaceSimulationResults,SAMAnalytical.SurfaceSimulationResults,SAM,Analytical04,SAM.Analytical.Grasshopper.Tas,Grasshopper/SAM.Analytical.Grasshopper.Tas,Grasshopper/SAM.Analytical.Grasshopper.Tas/Component/SAMAnalyticalSurfaceSimulationResults.cs,69d7c146-73ad-4730-bd23-57bba11e8612,component,GH_Exposure.primary,False,SAM_Small,Resources,result,get,True,,SAM,SAM,override,,result_plural_get_tsd,SAM_GH_ResultPluralGetTsd,svg/result_plural_get_tsd.svg,integrated,result_plural_get,TSD,TAS-TSD-008,Surface results on a SAM model originate from a TSD: TSD.
TasTSDQueryResultsByHourOfYear,Tas.TSDQueryResultsByHourOfYear,Tas.TSDQueryResultsByHourOfYear,SAM,Tas,SAM.Analytical.Grasshopper.Tas,Grasshopper/SAM.Analytical.Grasshopper.Tas,Grasshopper/SAM.Analytical.Grasshopper.Tas/Component/TasTSDQueryResultsByHourOfYear.cs,5adaee54-3bf5-4e45-85e8-2acd5bcad126,component,GH_Exposure.quarternary,False,SAM_TasTSD3,Resources,result,get,False,,SAM,SAM,override,,result_get_tsd,SAM_GH_ResultGetTsd,svg/result_get_tsd.svg,integrated,result_get,TSD,TAS-TSD-009,
TasTSDQueryResultsByPercentage,Tas.TSDQueryResultsByPercentage,Tas.TSDQueryResultsByPercentage,SAM,Tas,SAM.Analytical.Grasshopper.Tas,Grasshopper/SAM.Analytical.Grasshopper.Tas,Grasshopper/SAM.Analytical.Grasshopper.Tas/Component/TasTSDQueryResultsByPercentage.cs,119c2b63-0181-443e-82f0-ae3313e15f8a,component,GH_Exposure.quarternary,False,SAM_TasTSD3,Resources,result,get,False,,SAM,SAM,override,,result_get_tsd,SAM_GH_ResultGetTsd,svg/result_get_tsd.svg,integrated,result_get,TSD,TAS-TSD-010,
TasTSDQueryResultsByTotalPercentage,Tas.TSDQueryResultsByTotalPercentage,Tas.TSDQueryResultsByTotalPercentage,SAM,Tas,SAM.Analytical.Grasshopper.Tas,Grasshopper/SAM.Analytical.Grasshopper.Tas,Grasshopper/SAM.Analytical.Grasshopper.Tas/Component/TasTSDQueryResultsByTotalPercentage.cs,1e73032e-5f4f-4591-ac9c-2507f4392b94,component,GH_Exposure.quarternary,False,SAM_TasTSD3,Resources,result,get,False,,SAM,SAM,override,,result_get_tsd,SAM_GH_ResultGetTsd,svg/result_get_tsd.svg,integrated,result_get,TSD,TAS-TSD-011,
SAMAnalyticalFromTSD,SAMAnalytical.FromTSD,SAMAnalytical.FromTSD,SAM WIP,Tas,SAM.Analytical.Grasshopper.Tas,Grasshopper/SAM.Analytical.Grasshopper.Tas,Grasshopper/SAM.Analytical.Grasshopper.Tas/Component/SAMAnalyticalFromTSD.cs,ad91de58-c8d3-46dc-b648-20e787694a13,component,GH_Exposure.tertiary,False,SAM_TasTSD3,Resources,result,import,False,,SAM,SAM,override,,result_import_tsd,SAM_GH_ResultImportTsd,svg/result_import_tsd.svg,integrated,result_import,TSD,TAS-TSD-012,
SAMAnalyticalTasSpaceDataType,SAMAnalytical.SpaceDataType,SAMAnalytical.SpaceDataType,SAM,Tas,SAM.Analytical.Grasshopper.Tas,Grasshopper/SAM.Analytical.Grasshopper.Tas,Grasshopper/SAM.Analytical.Grasshopper.Tas/Component/SAMAnalyticalTasSpaceDataType.cs,e360ea25-3b42-417a-9d40-7f06c62b5c98,component,GH_Exposure.quarternary,False,SAM_TasTSD3,Resources,space,value,False,,SAM,SAM,rule,,space_value_tsd,SAM_GH_SpaceValueTsd,svg/space_value_tsd.svg,integrated,space_value,TSD,TAS-TSD-013,
TasTSDDailyIndoorComfortTemperatures,SAMAnalytical.DailyIndoorComfortTemperatures,SAMAnalytical.DailyIndoorComfortTemperatures,SAM,Tas,SAM.Analytical.Grasshopper.Tas,Grasshopper/SAM.Analytical.Grasshopper.Tas,Grasshopper/SAM.Analytical.Grasshopper.Tas/Component/TasTSDDailyIndoorComfortTemperatures.cs,5ef8ebef-d67d-4ab5-8bf4-1318a4c52baf,component,GH_Exposure.primary,False,SAM_Small,Resources,thermometer,calculate,False,,SAM,SAM,sam-override,,thermometer_calculate_tsd,SAM_GH_ThermometerCalculateTsd,svg/thermometer_calculate_tsd.svg,integrated,thermometer_calculate,TSD,TAS-TSD-014,
TasTSDQueryTM52Results,Tas.TSDQueryTM52Results,Tas.TSDQueryTM52Results,SAM,Tas,SAM.Analytical.Grasshopper.Tas,Grasshopper/SAM.Analytical.Grasshopper.Tas,Grasshopper/SAM.Analytical.Grasshopper.Tas/Component/TasTSDQueryTM52Results.cs,5cfb0ba8-adb9-4d82-a518-85931e2b760a,component,GH_Exposure.quarternary,False,SAM_TasTSD3,Resources,thermometer,get,False,,SAM,SAM,override,,thermometer_get_tsd,SAM_GH_ThermometerGetTsd,svg/thermometer_get_tsd.svg,integrated,thermometer_get,TSD,TAS-TSD-015,
TasTSDQueryTM59Results,Tas.TSDQueryTM59Results,Tas.TSDQueryTM59Results,SAM,Tas,SAM.Analytical.Grasshopper.Tas,Grasshopper/SAM.Analytical.Grasshopper.Tas,Grasshopper/SAM.Analytical.Grasshopper.Tas/Component/TasTSDQueryTM59Results.cs,d9f84a00-275e-401c-9c69-ad30b4ccb403,component,GH_Exposure.quarternary,False,SAM_TasTSD3,Resources,thermometer,get,False,,SAM,SAM,override,,thermometer_get_tsd,SAM_GH_ThermometerGetTsd,svg/thermometer_get_tsd.svg,integrated,thermometer_get,TSD,TAS-TSD-016,
TasWeatherYear,Tas.WeatherYear,Tas.WeatherYear,SAM WIP,Tas,SAM.Weather.Grasshopper.Tas,Grasshopper/SAM.Weather.Grasshopper.Tas,Grasshopper/SAM.Weather.Grasshopper.Tas/Component/TasWeatherYear.cs,02cbdc35-00eb-43f9-87ab-907b7e351565,component,GH_Exposure.quarternary,False,SAM_TasTSD3,Resources,weatherYear,import,False,,SAM,SAM,override,,weatherYear_import_tsd,SAM_GH_WeatherYearImportTsd,svg/weatherYear_import_tsd.svg,integrated,weatherYear_import,TSD,TAS-TSD-017,
TasTSDQueryZoneResultsByHourOfYear,Tas.TSDQueryZoneResultsByHourOfYear,Tas.TSDQueryZoneResultsByHourOfYear,SAM,Tas,SAM.Analytical.Grasshopper.Tas,Grasshopper/SAM.Analytical.Grasshopper.Tas,Grasshopper/SAM.Analytical.Grasshopper.Tas/Component/TasTSDQueryZoneResultsByHourOfYear.cs,c2d37631-f69b-4aa9-b0cc-1e7de659e819,component,GH_Exposure.quarternary,False,SAM_TasTSD3,Resources,zone,get,False,,SAM,SAM,override,,zone_get_tsd,SAM_GH_ZoneGetTsd,svg/zone_get_tsd.svg,integrated,zone_get,TSD,TAS-TSD-018,
TasTSDQueryZoneResultsByPercentage,Tas.TSDQueryZoneResultsByPercentage,Tas.TSDQueryZoneResultsByPercentage,SAM,Tas,SAM.Analytical.Grasshopper.Tas,Grasshopper/SAM.Analytical.Grasshopper.Tas,Grasshopper/SAM.Analytical.Grasshopper.Tas/Component/TasTSDQueryZoneResultsByPercentage.cs,aa393cdf-cb1a-4661-83db-d5a6bcb3e406,component,GH_Exposure.quarternary,False,SAM_TasTSD3,Resources,zone,get,False,,SAM,SAM,override,,zone_get_tsd,SAM_GH_ZoneGetTsd,svg/zone_get_tsd.svg,integrated,zone_get,TSD,TAS-TSD-019,
SAMSystemsTASTPDModifyTPDByAirflows,TasTPD.ModifyTPDByAirflows,TasTPD.ModifyTPDByAirflows,SAM,Tas,SAM.Analytical.Grasshopper.Tas.TPD,Grasshopper/SAM.Analytical.Grasshopper.Tas.TPD,Grasshopper/SAM.Analytical.Grasshopper.Tas.TPD/Component/SAMSystemsTASTPDModifyTPDByAirflows.cs,38802d30-dc1e-4cd0-b4cb-4731d536f0cf,component,GH_Exposure.quinary,False,SAM_TasTPD3,Resources,airflow,set,False,,SAM,SAM,override,,airflow_set_tpd,SAM_GH_AirflowSetTpd,svg/airflow_set_tpd.svg,integrated,airflow_set,TPD,TAS-TPD-001,
SAMSystemsTASTPDModifyTPDByAirflowsBySpaces,TasTPD.ModifyTPDByAirflowsBySpaces,TasTPD.ModifyTPDByAirflowsBySpaces,SAM,Tas,SAM.Analytical.Grasshopper.Tas.TPD,Grasshopper/SAM.Analytical.Grasshopper.Tas.TPD,Grasshopper/SAM.Analytical.Grasshopper.Tas.TPD/Component/SAMSystemsTASTPDModifyTPDByAirflowsBySpaces.cs,69b0df94-84b4-40e2-abee-3adb0dc3b5df,component,GH_Exposure.quinary,False,SAM_TasTPD3,Resources,airflow,set,False,,SAM,SAM,override,,airflow_set_tpd,SAM_GH_AirflowSetTpd,svg/airflow_set_tpd.svg,integrated,airflow_set,TPD,TAS-TPD-002,
SAMSystemsCreateTPDBySystemEnergyCentre,SAMSystems.CreateTPDBySystemEnergyCentre,SAMSystems.CreateTPDBySystemEnergyCentre,SAM,Tas,SAM.Analytical.Grasshopper.Tas.TPD,Grasshopper/SAM.Analytical.Grasshopper.Tas.TPD,Grasshopper/SAM.Analytical.Grasshopper.Tas.TPD/Component/SAMSystemsCreateTPDBySystemEnergyCentre.cs,a28c3e99-ce8d-4101-8e4f-6ade5889bfe5,component,GH_Exposure.quinary,False,SAM_TasTPD3,Resources,energyCentre,export,False,,SAM-BIM ext v1,SAM,override,,energyCentre_export_tpd,SAM_GH_EnergyCentreExportTpd,svg/energyCentre_export_tpd.svg,integrated,energyCentre_export,TPD,TAS-TPD-003,
SAMSystemsCreateTPDByTSDAndSystemEnergyCentre,SAMSystems.CreateTPDByTSDAndSystemEnergyCentre,SAMSystems.CreateTPDByTSDAndSystemEnergyCentre,SAM,Tas,SAM.Analytical.Grasshopper.Tas.TPD,Grasshopper/SAM.Analytical.Grasshopper.Tas.TPD,Grasshopper/SAM.Analytical.Grasshopper.Tas.TPD/Component/SAMSystemsCreateTPDByTSDAndSystemEnergyCentre.cs,b73f1277-6817-4160-a4ec-c5dade1f8da9,component,GH_Exposure.quinary,False,SAM_TasTPD3,Resources,energyCentre,export,False,,SAM-BIM ext v1,SAM,override,,energyCentre_export_tpd,SAM_GH_EnergyCentreExportTpd,svg/energyCentre_export_tpd.svg,integrated,energyCentre_export,TPD,TAS-TPD-004,
SAMSystemsFromTPD,SAMSystems.FromTPD,SAMSystems.FromTPD,SAM,Tas,SAM.Analytical.Grasshopper.Tas.TPD,Grasshopper/SAM.Analytical.Grasshopper.Tas.TPD,Grasshopper/SAM.Analytical.Grasshopper.Tas.TPD/Component/SAMSystemsFromTPD.cs,c88b33fb-5c8f-442e-bd43-d9a2809c2bc2,component,GH_Exposure.quinary,False,SAM_TasTPD3,Resources,energyCentre,import,False,,SAM-BIM ext v1,SAM,override,,energyCentre_import_tpd,SAM_GH_EnergyCentreImportTpd,svg/energyCentre_import_tpd.svg,integrated,energyCentre_import,TPD,TAS-TPD-005,
SAMSystemsTASTPDModifyTPDFanByAirflows,TasTPD.ModifyTPDFanByAirflows,TasTPD.ModifyTPDFanByAirflows,SAM,Tas,SAM.Analytical.Grasshopper.Tas.TPD,Grasshopper/SAM.Analytical.Grasshopper.Tas.TPD,Grasshopper/SAM.Analytical.Grasshopper.Tas.TPD/Component/SAMSystemsTASTPDModifyTPDFanByAirflows.cs,a6879fb3-7877-4f5e-b6c8-edd5db181358,component,GH_Exposure.quinary,False,SAM_TasTPD3,Resources,fan,modify,False,,SAM,SAM,override,,fan_modify_tpd,SAM_GH_FanModifyTpd,svg/fan_modify_tpd.svg,integrated,fan_modify,TPD,TAS-TPD-006,
TasCalculateResultantTemperatureFromTPD,Tas.CalculateResultantTemperatureFromTPD,Tas.CalculateResultantTemperatureFromTPD,SAM WIP,Tas,SAM.Analytical.Grasshopper.Tas.TPD,Grasshopper/SAM.Analytical.Grasshopper.Tas.TPD,Grasshopper/SAM.Analytical.Grasshopper.Tas.TPD/Component/TasCalculateResultantTemperatureFromTPD.cs,ec0be2d6-e393-4c6a-8213-f96f24fc3211,component,GH_Exposure.tertiary,False,SAM_TasTPD,Resources,result,calculate,False,,SAM,SAM,rule,,result_calculate_tpd,SAM_GH_ResultCalculateTpd,svg/result_calculate_tpd.svg,integrated,result_calculate,TPD,TAS-TPD-007,TPD project; re-simulates TBD/TSD from a TPD run: TPD.
TasSystemResults,Tas.SystemResults,Tas.SystemResults,SAM,Tas,SAM.Analytical.Grasshopper.Tas.TPD,Grasshopper/SAM.Analytical.Grasshopper.Tas.TPD,Grasshopper/SAM.Analytical.Grasshopper.Tas.TPD/Component/TasSystemResults.cs,fd882916-69fd-43f5-aa19-cb96c993daa3,component,GH_Exposure.quinary,False,SAM_TasTPD3,Resources,result,convert,False,,SAM,SAM,override,,result_convert_tpd,SAM_GH_ResultConvertTpd,svg/result_convert_tpd.svg,integrated,result_convert,TPD,TAS-TPD-008,
TasSystemSpaceResults,Tas.SystemSpaceResults,Tas.SystemSpaceResults,SAM,Tas,SAM.Analytical.Grasshopper.Tas.TPD,Grasshopper/SAM.Analytical.Grasshopper.Tas.TPD,Grasshopper/SAM.Analytical.Grasshopper.Tas.TPD/Component/TasSystemSpaceResults.cs,75d9f6aa-f407-4b79-908a-51666a287e15,component,GH_Exposure.quinary,False,SAM_TasTPD3,Resources,result,convert,False,,SAM,SAM,override,,result_convert_tpd,SAM_GH_ResultConvertTpd,svg/result_convert_tpd.svg,integrated,result_convert,TPD,TAS-TPD-009,
SAMSystemsResultPeriod,SAMSystems.ResultPeriod,SAMSystems.ResultPeriod,SAM,Analytical04,SAM.Analytical.Grasshopper.Tas.TPD,Grasshopper/SAM.Analytical.Grasshopper.Tas.TPD,Grasshopper/SAM.Analytical.Grasshopper.Tas.TPD/Component/SAMSystemsResultPeriod.cs,eb6418e9-b430-4730-a882-b77b3bcaa69d,component,,False,SAM_Small,Resources,result,value,False,,SAM,SAM,rule,,result_value_tpd,SAM_GH_ResultValueTpd,svg/result_value_tpd.svg,integrated,result_value,TPD,TAS-TPD-010,
CreateTPDByAnalyticalModel,SAMAnalytical.TPDByAnalyticalModel,SAMAnalytical.TPDByAnalyticalModel,SAM,Tas,SAM.Analytical.Grasshopper.Tas.TPD,Grasshopper/SAM.Analytical.Grasshopper.Tas.TPD,Grasshopper/SAM.Analytical.Grasshopper.Tas.TPD/Component/CreateTPDByAnalyticalModel.cs,ee49ab96-8b5c-433a-ab89-d959e082968b,component,GH_Exposure.quinary,False,SAM_TasTPD3,Resources,system,export,False,,SAM,SAM,override,,system_export_tpd,SAM_GH_SystemExportTpd,svg/system_export_tpd.svg,integrated,system_export,TPD,TAS-TPD-011,
TasCreateTPDBySystemTypeName,Tas.CreateTPDBySystemTypeName,Tas.CreateTPDBySystemTypeName,SAM,Tas,SAM.Analytical.Grasshopper.Tas,Grasshopper/SAM.Analytical.Grasshopper.Tas,Grasshopper/SAM.Analytical.Grasshopper.Tas/Component/TasCreateTPDBySystemTypeName.cs,1308af3f-69c3-4fa7-b4ad-c4240074ce93,component,GH_Exposure.quinary,False,SAM_TasTPD,Resources,system,export,False,,SAM,SAM,override,,system_export_tpd,SAM_GH_SystemExportTpd,svg/system_export_tpd.svg,integrated,system_export,TPD,TAS-TPD-012,
SAMSystemsTASTPDSimulate,TasTPD.Simulate,TasTPD.Simulate,SAM,Tas,SAM.Analytical.Grasshopper.Tas.TPD,Grasshopper/SAM.Analytical.Grasshopper.Tas.TPD,Grasshopper/SAM.Analytical.Grasshopper.Tas.TPD/Component/SAMSystemsTASTPDSimulate.cs,72e3bda9-d280-4354-8d42-ed3966d89e26,component,GH_Exposure.quinary,False,SAM_TasTPD3,Resources,system,run,False,,SAM,SAM-BIM ext v1,override,plant simulation,system_run_tpd,SAM_GH_SystemRunTpd,svg/system_run_tpd.svg,integrated,system_run,TPD,TAS-TPD-013,
TasTPDQueryTM59Results,Tas.TPDQueryTM59Results,Tas.TPDQueryTM59Results,SAM,Tas,SAM.Analytical.Grasshopper.Tas.TPD,Grasshopper/SAM.Analytical.Grasshopper.Tas.TPD,Grasshopper/SAM.Analytical.Grasshopper.Tas.TPD/Component/TasTPDQueryTM59Results.cs,68f3f8e7-884f-4fe6-832e-da69e30d4fe9,component,GH_Exposure.quinary,False,SAM_TasTPD3,Resources,thermometer,get,False,,SAM,SAM,override,,thermometer_get_tpd,SAM_GH_ThermometerGetTpd,svg/thermometer_get_tpd.svg,integrated,thermometer_get,TPD,TAS-TPD-014,
SAMSystemsTASTPDAssignZone,TasTPD.AssignZone,TasTPD.AssignZone,SAM,Tas,SAM.Analytical.Grasshopper.Tas.TPD,Grasshopper/SAM.Analytical.Grasshopper.Tas.TPD,Grasshopper/SAM.Analytical.Grasshopper.Tas.TPD/Component/SAMSystemsTASTPDAssignZone.cs,0d4e8c4d-bef6-4204-b48c-acbae657407c,component,GH_Exposure.quinary,False,SAM_TasTPD3,Resources,zone,set,False,,SAM,SAM,rule,,zone_set_tpd,SAM_GH_ZoneSetTpd,svg/zone_set_tpd.svg,integrated,zone_set,TPD,TAS-TPD-015,
SAMAnalyticalCalculateGlazing,SAMAnalytical.CalculateGlazing,SAMAnalytical.CalculateGlazing,SAM WIP,Tas,SAM.Analytical.Grasshopper.Tas,Grasshopper/SAM.Analytical.Grasshopper.Tas,Grasshopper/SAM.Analytical.Grasshopper.Tas/Component/SAMAnalyticalCalculateGlazing.cs,520c56cc-0bcd-42f9-9672-2e61b25f3c51,component,GH_Exposure.tertiary,False,SAM_TasTBD3,Resources,apertureConstruction,calculate,False,,SAM,SAM,override,,apertureConstruction_calculate_tcd,SAM_GH_ApertureConstructionCalculateTcd,svg/apertureConstruction_calculate_tcd.svg,integrated,apertureConstruction_calculate,TCD,TAS-TCD-001,
TasCreateApertureConstructionCalculationData,Tas.CreateApertureConstructionCalculationData,Tas.CreateApertureConstructionCalculationData,SAM WIP,Tas,SAM.Analytical.Grasshopper.Tas,Grasshopper/SAM.Analytical.Grasshopper.Tas,Grasshopper/SAM.Analytical.Grasshopper.Tas/Component/TasCreateApertureConstructionCalculationData.cs,0913c7df-0228-4b12-8086-c6bc70ca4c60,component,GH_Exposure.tertiary,False,SAM_TasTBD3,Resources,apertureConstruction,create,False,,SAM,SAM,rule,,apertureConstruction_create_tcd,SAM_GH_ApertureConstructionCreateTcd,svg/apertureConstruction_create_tcd.svg,integrated,apertureConstruction_create,TCD,TAS-TCD-002,
SAMAnalyticalCalculateConstructions,SAMAnalytical.CalculateConstructions,SAMAnalytical.CalculateConstructions,SAM WIP,Tas,SAM.Analytical.Grasshopper.Tas,Grasshopper/SAM.Analytical.Grasshopper.Tas,Grasshopper/SAM.Analytical.Grasshopper.Tas/Component/SAMAnalyticalCalculateConstructions.cs,7f71ffed-f257-43a7-aa20-b56c6cdd8898,component,GH_Exposure.tertiary,False,SAM_TasTBD3,Resources,construction,calculate,True,,SAM,SAM,rule,,construction_plural_calculate_tcd,SAM_GH_ConstructionPluralCalculateTcd,svg/construction_plural_calculate_tcd.svg,integrated,construction_plural_calculate,TCD,TAS-TCD-003,
TasCreateConstructionCalculationData,Tas.CreateConstructionCalculationData,Tas.CreateConstructionCalculationData,SAM WIP,Tas,SAM.Analytical.Grasshopper.Tas,Grasshopper/SAM.Analytical.Grasshopper.Tas,Grasshopper/SAM.Analytical.Grasshopper.Tas/Component/TasCreateConstructionCalculationData.cs,9502b082-68de-4131-852f-4b4722ba167e,component,GH_Exposure.tertiary,False,SAM_TasTBD3,Resources,construction,create,False,,SAM,SAM,rule,,construction_create_tcd,SAM_GH_ConstructionCreateTcd,svg/construction_create_tcd.svg,integrated,construction_create,TCD,TAS-TCD-004,
TasCreateTCD,Tas.CreateTCD,Tas.CreateTCD,SAM WIP,Tas,SAM.Analytical.Grasshopper.Tas,Grasshopper/SAM.Analytical.Grasshopper.Tas,Grasshopper/SAM.Analytical.Grasshopper.Tas/Component/TasCreateTCD.cs,6c3655fd-ce4b-48fc-b2f4-52455faeb6ae,component,GH_Exposure.tertiary,False,SAM_TasTBD3,Resources,construction,export,False,library,SAM,SAM,override,,construction_library_export_tcd,SAM_GH_ConstructionLibraryExportTcd,svg/construction_library_export_tcd.svg,integrated,construction_library_export,TCD,TAS-TCD-005,
SAMAnalyticalCalculateThicknesses,SAMAnalytical.CalculateThicknesses,SAMAnalytical.CalculateThicknesses,SAM WIP,Tas,SAM.Analytical.Grasshopper.Tas,Grasshopper/SAM.Analytical.Grasshopper.Tas,Grasshopper/SAM.Analytical.Grasshopper.Tas/Component/SAMAnalyticalCalculateThicknesses.cs,2de06015-0a85-49e2-aae5-20e3666503f0,component,GH_Exposure.tertiary,False,SAM_TasTBD3,Resources,constructionLayer,calculate,True,,SAM,SAM,override,,constructionLayer_plural_calculate_tcd,SAM_GH_ConstructionLayerPluralCalculateTcd,svg/constructionLayer_plural_calculate_tcd.svg,integrated,constructionLayer_plural_calculate,TCD,TAS-TCD-006,
TasCreateLayerThicknessCalculationData,Tas.CreateLayerThicknessCalculationData,Tas.CreateLayerThicknessCalculationData,SAM WIP,Tas,SAM.Analytical.Grasshopper.Tas,Grasshopper/SAM.Analytical.Grasshopper.Tas,Grasshopper/SAM.Analytical.Grasshopper.Tas/Component/TasCreateLayerThicknessCalculationData.cs,3c8cad89-80e9-42c8-8de2-9bea8803ee0f,component,GH_Exposure.tertiary,False,SAM_TasTBD3,Resources,constructionLayer,create,False,,SAM,SAM,override,,constructionLayer_create_tcd,SAM_GH_ConstructionLayerCreateTcd,svg/constructionLayer_create_tcd.svg,integrated,constructionLayer_create,TCD,TAS-TCD-007,
TasCreateLayerThicknessCalculationDataByConstruction,Tas.CreateLayerThicknessCalculationDataByConstruction,Tas.CreateLayerThicknessCalculationDataByConstruction,SAM WIP,Tas,SAM.Analytical.Grasshopper.Tas,Grasshopper/SAM.Analytical.Grasshopper.Tas,Grasshopper/SAM.Analytical.Grasshopper.Tas/Component/TasCreateLayerThicknessCalculationDataByConstruction.cs,8f915aab-e847-4485-9870-f5706f745baa,component,GH_Exposure.tertiary,False,SAM_TasTBD3,Resources,constructionLayer,create,False,,SAM,SAM,override,,constructionLayer_create_tcd,SAM_GH_ConstructionLayerCreateTcd,svg/constructionLayer_create_tcd.svg,integrated,constructionLayer_create,TCD,TAS-TCD-008,
SAMAnalyticalCalculateThermalTransmittance,SAMAnalytical.CalculateUValues,SAMAnalytical.CalculateUValues,SAM WIP,Tas,SAM.Analytical.Grasshopper.Tas,Grasshopper/SAM.Analytical.Grasshopper.Tas,Grasshopper/SAM.Analytical.Grasshopper.Tas/Component/SAMAnalyticalCalculateThermalTransmittance.cs,5d74d30d-0b06-465c-8856-3f861635daba,component,GH_Exposure.tertiary,False,SAM_TasTBD3,Resources,heat,calculate,False,,SAM,SAM,override,,heat_calculate_tcd,SAM_GH_HeatCalculateTcd,svg/heat_calculate_tcd.svg,integrated,heat_calculate,TCD,TAS-TCD-009,
SAMAnalyticalCalculateThermalTransmittanceByAperture,SAMAnalytical.CalculateUValuesByApertures,SAMAnalytical.CalculateUValuesByApertures,SAM WIP,Tas,SAM.Analytical.Grasshopper.Tas,Grasshopper/SAM.Analytical.Grasshopper.Tas,Grasshopper/SAM.Analytical.Grasshopper.Tas/Component/SAMAnalyticalCalculateThermalTransmittanceByAperture.cs,be2d6947-a2d5-4248-8c59-1c698d293933,component,GH_Exposure.tertiary,False,SAM_TasTBD3,Resources,heat,calculate,False,,SAM,SAM,override,,heat_calculate_tcd,SAM_GH_HeatCalculateTcd,svg/heat_calculate_tcd.svg,integrated,heat_calculate,TCD,TAS-TCD-010,
GooLayerThicknessCalculationDataParam,{typeof(LayerThicknessCalculationData).Name},{typeof(LayerThicknessCalculationData).Name},Params,SAM,SAM.Analytical.Grasshopper.Tas,Grasshopper/SAM.Analytical.Grasshopper.Tas,Grasshopper/SAM.Analytical.Grasshopper.Tas/Classes/GooLayerThicknessCalculationData.cs,d1145ce7-d393-40f7-ade7-5cf02f085922,param,GH_Exposure.hidden,False,SAM_TasT3D,Resources,constructionLayer,,False,,SAM,,param:LayerThicknessCalculationData,,constructionLayer_tcd,SAM_GH_ConstructionLayerTcd,svg/constructionLayer_tcd.svg,integrated,constructionLayer,TCD,TAS-TCD-011,
GooThermalTransmittanceCalculationDataParam,{typeof(IThermalTransmittanceCalculationData).Name},{typeof(IThermalTransmittanceCalculationData).Name},Params,SAM,SAM.Analytical.Grasshopper.Tas,Grasshopper/SAM.Analytical.Grasshopper.Tas,Grasshopper/SAM.Analytical.Grasshopper.Tas/Classes/GooThermalTransmittanceCalculationData.cs,8ac71a02-4907-482b-b905-b5a855e2ef29,param,GH_Exposure.hidden,False,SAM_TasT3D,Resources,heat,,False,,SAM,,param:ThermalTransmittanceCalculationData,,heat_tcd,SAM_GH_HeatTcd,svg/heat_tcd.svg,integrated,heat,TCD,TAS-TCD-012,
GooThermalTransmittanceCalculationResultParam,{typeof(IThermalTransmittanceCalculationResult).Name},{typeof(IThermalTransmittanceCalculationResult).Name},Params,SAM,SAM.Analytical.Grasshopper.Tas,Grasshopper/SAM.Analytical.Grasshopper.Tas,Grasshopper/SAM.Analytical.Grasshopper.Tas/Classes/GooThermalTransmittanceCalculationResult.cs,4a10e155-9ec9-4530-94d5-56e4db812a61,param,GH_Exposure.hidden,False,SAM_TasT3D,Resources,result,,False,,SAM,,param:ThermalTransmittanceCalculationResult,,result_tcd,SAM_GH_ResultTcd,svg/result_tcd.svg,integrated,result,TCD,TAS-TCD-013,
GooLayerThicknessCalculationResultParam,{typeof(LayerThicknessCalculationData).Name},{typeof(LayerThicknessCalculationResult).Name},Params,SAM,SAM.Analytical.Grasshopper.Tas,Grasshopper/SAM.Analytical.Grasshopper.Tas,Grasshopper/SAM.Analytical.Grasshopper.Tas/Classes/GooLayerThicknessCalculationResult.cs,6b8d9a23-d379-4725-b1c2-43f18d591ccb,param,GH_Exposure.hidden,False,SAM_TasT3D,Resources,result,,False,,SAM,,param:LayerThicknessCalculationResult,,result_tcd,SAM_GH_ResultTcd,svg/result_tcd.svg,integrated,result,TCD,TAS-TCD-014,
SAMAnalyticalDiscreteArmijoGradientAlgorithm,SAMAnalytical.DiscreteArmijoGradientAlgorithm,SAMAnalytical.DiscreteArmijoGradientAlgorithm,SAM WIP,Tas,SAM.Analytical.Grasshopper.Tas.GenOpt,Grasshopper/SAM.Analytical.Grasshopper.Tas.GenOpt,Grasshopper/SAM.Analytical.Grasshopper.Tas.GenOpt/Component/SAMAnalyticalDiscreteArmijoGradientAlgorithm.cs,64fb19e6-dc89-4dc6-8e81-5408ce995d45,component,GH_Exposure.tertiary,False,SAM_GenOpt,Resources,algorithm,create,False,,SAM-BIM ext v1,SAM,override,,algorithm_create,SAM_GH_AlgorithmCreate,svg/algorithm_create.svg,integrated,algorithm_create,GEN,TAS-GEN-001,
SAMAnalyticalFibonacciDivisionAlgorithm,SAMAnalytical.FibonacciDivisionAlgorithm,SAMAnalytical.FibonacciDivisionAlgorithm,SAM WIP,Tas,SAM.Analytical.Grasshopper.Tas.GenOpt,Grasshopper/SAM.Analytical.Grasshopper.Tas.GenOpt,Grasshopper/SAM.Analytical.Grasshopper.Tas.GenOpt/Component/SAMAnalyticalFibonacciDivisionAlgorithm.cs,69add1a8-fe90-44cb-ade1-3718b1359ddf,component,GH_Exposure.tertiary,False,SAM_GenOpt,Resources,algorithm,create,False,,SAM-BIM ext v1,SAM,override,,algorithm_create,SAM_GH_AlgorithmCreate,svg/algorithm_create.svg,integrated,algorithm_create,GEN,TAS-GEN-002,
SAMAnalyticalGPSHookeJeevesAlgorithm,SAMAnalytical.GPSHookeJeevesAlgorithm,SAMAnalytical.GPSHookeJeevesAlgorithm,SAM WIP,Tas,SAM.Analytical.Grasshopper.Tas.GenOpt,Grasshopper/SAM.Analytical.Grasshopper.Tas.GenOpt,Grasshopper/SAM.Analytical.Grasshopper.Tas.GenOpt/Component/SAMAnalyticalGPSHookeJeevesAlgorithm.cs,98aac621-e5ca-4c7f-a226-7b79482e94c7,component,GH_Exposure.tertiary,False,SAM_GenOpt,Resources,algorithm,create,False,,SAM-BIM ext v1,SAM,override,,algorithm_create,SAM_GH_AlgorithmCreate,svg/algorithm_create.svg,integrated,algorithm_create,GEN,TAS-GEN-003,
SAMAnalyticalGenOptGoldenSectionAlgorithm,SAMAnalytical.GoldenSectionAlgorithm,SAMAnalytical.GoldenSectionAlgorithm,SAM WIP,Tas,SAM.Analytical.Grasshopper.Tas.GenOpt,Grasshopper/SAM.Analytical.Grasshopper.Tas.GenOpt,Grasshopper/SAM.Analytical.Grasshopper.Tas.GenOpt/Component/SAMAnalyticalGenOptGoldenSectionAlgorithm.cs,cd7bd476-0123-4392-aa60-e71abe02dd0d,component,GH_Exposure.tertiary,False,SAM_GenOpt,Resources,algorithm,create,False,,SAM-BIM ext v1,SAM,override,,algorithm_create,SAM_GH_AlgorithmCreate,svg/algorithm_create.svg,integrated,algorithm_create,GEN,TAS-GEN-004,
SAMAnalyticalHybridGeneralizedPSPOAlgorithm,SAMAnalytical.HybridGeneralizedPSPOAlgorithm,SAMAnalytical.HybridGeneralizedPSPOAlgorithm,SAM WIP,Tas,SAM.Analytical.Grasshopper.Tas.GenOpt,Grasshopper/SAM.Analytical.Grasshopper.Tas.GenOpt,Grasshopper/SAM.Analytical.Grasshopper.Tas.GenOpt/Component/SAMAnalyticalHybridGeneralizedPSPOAlgorithm.cs,99cbe530-f507-4c37-806b-d473b34cfbbf,component,GH_Exposure.tertiary,False,SAM_GenOpt,Resources,algorithm,create,False,,SAM-BIM ext v1,SAM,override,,algorithm_create,SAM_GH_AlgorithmCreate,svg/algorithm_create.svg,integrated,algorithm_create,GEN,TAS-GEN-005,
SAMAnalyticalMeshAlgorithm,SAMAnalytical.MeshAlgorithm,SAMAnalytical.MeshAlgorithm,SAM WIP,Tas,SAM.Analytical.Grasshopper.Tas.GenOpt,Grasshopper/SAM.Analytical.Grasshopper.Tas.GenOpt,Grasshopper/SAM.Analytical.Grasshopper.Tas.GenOpt/Component/SAMAnalyticalMeshAlgorithm.cs,f96d445d-d650-4e29-8618-e24ad86f1de6,component,GH_Exposure.tertiary,False,SAM_GenOpt,Resources,algorithm,create,False,,SAM-BIM ext v1,SAM,override,,algorithm_create,SAM_GH_AlgorithmCreate,svg/algorithm_create.svg,integrated,algorithm_create,GEN,TAS-GEN-006,
SAMAnalyticalMultiStartGPSAlgorithm,SAMAnalytical.MultiStartGPSAlgorithm,SAMAnalytical.MultiStartGPSAlgorithm,SAM WIP,Tas,SAM.Analytical.Grasshopper.Tas.GenOpt,Grasshopper/SAM.Analytical.Grasshopper.Tas.GenOpt,Grasshopper/SAM.Analytical.Grasshopper.Tas.GenOpt/Component/SAMAnalyticalMultiStartGPSAlgorithm.cs,5ed7c16a-f3dc-4f41-b39f-82dc3c7baca7,component,GH_Exposure.tertiary,False,SAM_GenOpt,Resources,algorithm,create,False,,SAM-BIM ext v1,SAM,override,,algorithm_create,SAM_GH_AlgorithmCreate,svg/algorithm_create.svg,integrated,algorithm_create,GEN,TAS-GEN-007,
SAMAnalyticalNelderMeadONeillcsAlgorithm,SAMAnalytical.NelderMeadONeillcsAlgorithm,SAMAnalytical.NelderMeadONeillcsAlgorithm,SAM WIP,Tas,SAM.Analytical.Grasshopper.Tas.GenOpt,Grasshopper/SAM.Analytical.Grasshopper.Tas.GenOpt,Grasshopper/SAM.Analytical.Grasshopper.Tas.GenOpt/Component/SAMAnalyticalNelderMeadONeillcsAlgorithm.cs,6a70e82b-d5b2-4350-89e6-b5c4ecd9bea7,component,GH_Exposure.tertiary,False,SAM_GenOpt,Resources,algorithm,create,False,,SAM-BIM ext v1,SAM,override,,algorithm_create,SAM_GH_AlgorithmCreate,svg/algorithm_create.svg,integrated,algorithm_create,GEN,TAS-GEN-008,
SAMAnalyticalParametricAlgorithm,SAMAnalytical.ParametricAlgorithm,SAMAnalytical.ParametricAlgorithm,SAM WIP,Tas,SAM.Analytical.Grasshopper.Tas.GenOpt,Grasshopper/SAM.Analytical.Grasshopper.Tas.GenOpt,Grasshopper/SAM.Analytical.Grasshopper.Tas.GenOpt/Component/SAMAnalyticalParametricAlgorithm.cs,52311cea-aab1-4448-8fd8-e87e2458bf10,component,GH_Exposure.tertiary,False,SAM_GenOpt,Resources,algorithm,create,False,,SAM-BIM ext v1,SAM,override,,algorithm_create,SAM_GH_AlgorithmCreate,svg/algorithm_create.svg,integrated,algorithm_create,GEN,TAS-GEN-009,
SAMAnalyticalParticleStormConstrictionAlgorithm,SAMAnalytical.ParticleStormConstrictionAlgorithm,SAMAnalytical.ParticleStormConstrictionAlgorithm,SAM WIP,Tas,SAM.Analytical.Grasshopper.Tas.GenOpt,Grasshopper/SAM.Analytical.Grasshopper.Tas.GenOpt,Grasshopper/SAM.Analytical.Grasshopper.Tas.GenOpt/Component/SAMAnalyticalParticleStormConstrictionAlgorithm.cs,4531c9e1-0654-4b40-8cab-12ecc50ee65d,component,GH_Exposure.tertiary,False,SAM_GenOpt,Resources,algorithm,create,False,,SAM-BIM ext v1,SAM,override,,algorithm_create,SAM_GH_AlgorithmCreate,svg/algorithm_create.svg,integrated,algorithm_create,GEN,TAS-GEN-010,
SAMAnalyticalParticleStormIntertiaAlgorithm,SAMAnalytical.ParticleStormIntertiaAlgorithm,SAMAnalytical.ParticleStormIntertiaAlgorithm,SAM WIP,Tas,SAM.Analytical.Grasshopper.Tas.GenOpt,Grasshopper/SAM.Analytical.Grasshopper.Tas.GenOpt,Grasshopper/SAM.Analytical.Grasshopper.Tas.GenOpt/Component/SAMAnalyticalParticleStormIntertiaAlgorithm.cs,a102c2f5-c81f-46eb-b312-6d668c7c8fa2,component,GH_Exposure.tertiary,False,SAM_GenOpt,Resources,algorithm,create,False,,SAM-BIM ext v1,SAM,override,,algorithm_create,SAM_GH_AlgorithmCreate,svg/algorithm_create.svg,integrated,algorithm_create,GEN,TAS-GEN-011,
SAMAnalyticalParticleStormMeshAlgorithm,SAMAnalytical.ParticleStormMeshAlgorithm,SAMAnalytical.ParticleStormMeshAlgorithm,SAM WIP,Tas,SAM.Analytical.Grasshopper.Tas.GenOpt,Grasshopper/SAM.Analytical.Grasshopper.Tas.GenOpt,Grasshopper/SAM.Analytical.Grasshopper.Tas.GenOpt/Component/SAMAnalyticalParticleStormMeshAlgorithm.cs,5ceb67c5-1c11-4e2d-9f11-95c018befacf,component,GH_Exposure.tertiary,False,SAM_GenOpt,Resources,algorithm,create,False,,SAM-BIM ext v1,SAM,override,,algorithm_create,SAM_GH_AlgorithmCreate,svg/algorithm_create.svg,integrated,algorithm_create,GEN,TAS-GEN-012,
SAMAnalyticalGenOpt,SAMAnalytical.GenOpt,SAMAnalytical.GenOpt,SAM WIP,Tas,SAM.Analytical.Grasshopper.Tas.GenOpt,Grasshopper/SAM.Analytical.Grasshopper.Tas.GenOpt,Grasshopper/SAM.Analytical.Grasshopper.Tas.GenOpt/Component/SAMAnalyticalGenOpt.cs,5259b075-7da6-4d20-8364-67225c43dc4c,component,GH_Exposure.tertiary,False,SAM_GenOpt,Resources,algorithm,run,False,,SAM-BIM ext v1,SAM-BIM ext v1,override,GenOpt optimisation,algorithm_run,SAM_GH_AlgorithmRun,svg/algorithm_run.svg,integrated,algorithm_run,GEN,TAS-GEN-013,
SAMAnalyticalWait,SAMAnalytical.Wait,SAMAnalytical.Wait,SAM WIP,Test,SAM.Analytical.Grasshopper.Tas,Grasshopper/SAM.Analytical.Grasshopper.Tas,Grasshopper/SAM.Analytical.Grasshopper.Tas/Component/SAMAnalyticalWait.cs,84956c11-9b8f-4e7c-ba24-a78755d7f7e3,component,GH_Exposure.tertiary,False,SAM_Small3,Resources,clock,run,False,,SAM,SAM-BIM ext v1,override,waits,clock_run,SAM_GH_ClockRun,svg/clock_run.svg,integrated,clock_run,GEN,TAS-GEN-014,
TasOpenUKBRFile,Tas.OpenUKBRFile,Tas.OpenUKBRFile,SAM WIP,Tas,SAM.Core.Grasshopper.Tas.UKBR,Grasshopper/SAM.Core.Grasshopper.Tas.UKBR,Grasshopper/SAM.Core.Grasshopper.Tas.UKBR/Component/TasOpenUKBRFile.cs,9918d0e0-0a46-4e1f-934e-dfcf99c3dc05,component,GH_Exposure.secondary,False,SAM_Small,Resources,file,import,False,,SAM,SAM,rule,,file_import,SAM_GH_FileImport,svg/file_import.svg,integrated,file_import,GEN,TAS-GEN-015,
TasUpdateUKBRFile,Tas.UpdateUKBRFile,Tas.UpdateUKBRFile,SAM WIP,Tas,SAM.Analytical.Grasshopper.Tas,Grasshopper/SAM.Analytical.Grasshopper.Tas,Grasshopper/SAM.Analytical.Grasshopper.Tas/Component/TasUpdateUKBRFile.cs,33d299f8-06ff-4676-be73-c2b99c3d2be1,component,GH_Exposure.tertiary,False,SAM_TasTBD3,Resources,file,update,False,,SAM,SAM,rule,,file_update,SAM_GH_FileUpdate,svg/file_update.svg,integrated,file_update,GEN,TAS-GEN-016,
SAMAnalyticalWorkflowTBD,SAMAnalytical.WorkflowTBD,SAMAnalytical.WorkflowTBD,SAM WIP,Tas,SAM.Analytical.Grasshopper.Tas,Grasshopper/SAM.Analytical.Grasshopper.Tas,Grasshopper/SAM.Analytical.Grasshopper.Tas/Component/SAMAnalyticalWorkflowTBD.cs,c34fc8ae-44a9-4c62-aa01-b1a11394b418,component,GH_Exposure.tertiary,False,SAM_TasTBD3,Resources,model,run,False,,SAM,SAM-BIM ext v1,override,full Tas workflow,model_run,SAM_GH_ModelRun,svg/model_run.svg,integrated,model_run,GEN,TAS-GEN-017,
SAMAnalyticalWorkflowgbXML,SAMAnalytical.WorkflowgbXML,SAMAnalytical.WorkflowgbXML,SAM,Tas,SAM.Analytical.Grasshopper.Tas,Grasshopper/SAM.Analytical.Grasshopper.Tas,Grasshopper/SAM.Analytical.Grasshopper.Tas/Component/SAMAnalyticalWorkflowgbXML.cs,3a47ec9c-d007-4c80-b91d-d828fb05baa3,component,GH_Exposure.quarternary,False,SAM_gbXML3,Resources,model,run,False,,SAM,SAM-BIM ext v1,override,full Tas workflow,model_run,SAM_GH_ModelRun,svg/model_run.svg,integrated,model_run,GEN,TAS-GEN-018,
TasCreateWeatherData,Tas.CreateWeatherData,Tas.CreateWeatherData,SAM,Tas,SAM.Weather.Grasshopper.Tas,Grasshopper/SAM.Weather.Grasshopper.Tas,Grasshopper/SAM.Weather.Grasshopper.Tas/Component/TasCreateWeatherData.cs,16d55f15-56a4-4353-8231-8837ecdd22e3,component,GH_Exposure.quarternary,False,TBD_TSD,Resources,weatherData,create,False,,SAM,SAM,rule,,weatherData_create,SAM_GH_WeatherDataCreate,svg/weatherData_create.svg,integrated,weatherData_create,GEN,TAS-GEN-019,
GooAlgorithmParam,{typeof(Algorithm).Name},{typeof(Algorithm).Name},Params,SAM,SAM.Analytical.Grasshopper.Tas.GenOpt,Grasshopper/SAM.Analytical.Grasshopper.Tas.GenOpt,Grasshopper/SAM.Analytical.Grasshopper.Tas.GenOpt/Classes/GooAlgorithm.cs,c2afb89d-f839-4c80-a50c-fe9be3ebfb16,param,GH_Exposure.hidden,False,SAM_TasT3D,Resources,algorithm,,False,,SAM-BIM ext v1,,param:Algorithm,,algorithm,SAM_GH_Algorithm,svg/algorithm.svg,integrated,algorithm,GEN,TAS-GEN-020,
GooUKBRFileParam,{typeof(UKBRFile).Name},{typeof(UKBRFile).Name},Params,SAM,SAM.Core.Grasshopper.Tas.UKBR,Grasshopper/SAM.Core.Grasshopper.Tas.UKBR,Grasshopper/SAM.Core.Grasshopper.Tas.UKBR/Classes/GooUKBRFile.cs,b8da455e-b8aa-4740-b770-c8c3581ff0d7,param,GH_Exposure.hidden,False,SAM_T3D3,Resources,file,,False,,SAM,,param:UKBRFile,,file,SAM_GH_File,svg/file.svg,integrated,file,GEN,TAS-GEN-021,
GooObjectiveParam,{typeof(Objective).Name},{typeof(Objective).Name},Params,SAM,SAM.Analytical.Grasshopper.Tas.GenOpt,Grasshopper/SAM.Analytical.Grasshopper.Tas.GenOpt,Grasshopper/SAM.Analytical.Grasshopper.Tas.GenOpt/Classes/GooObjective.cs,efa8de4a-5379-44c1-a01d-b6f21fabc2bc,param,GH_Exposure.hidden,False,SAM_GenOpt,Resources,objective,,False,,SAM-BIM ext v1,,param:Objective,,objective,SAM_GH_Objective,svg/objective.svg,integrated,objective,GEN,TAS-GEN-022,
GooParameterParam,{typeof(Parameter).Name},{typeof(Parameter).Name},Params,SAM,SAM.Analytical.Grasshopper.Tas.GenOpt,Grasshopper/SAM.Analytical.Grasshopper.Tas.GenOpt,Grasshopper/SAM.Analytical.Grasshopper.Tas.GenOpt/Classes/GooParameter.cs,6f222653-57cb-437c-80fe-b5ba318a4183,param,GH_Exposure.hidden,False,SAM_GenOpt,Resources,value,,False,,SAM,,param:Parameter,,value,SAM_GH_Value,svg/value.svg,integrated,value,GEN,TAS-GEN-023,
